Cluster,CustomerID,Age,Annual Income (k$),Spending Score (1-100)
0,101.23636363636363,42.72727272727273,46.836363636363636,23.490909090909092
1,100.92105263157895,43.60526315789474,117.36842105263158,80.5
2,112.25,45.535714285714285,85.25,49.035714285714285
3,92.35416666666667,47.479166666666664,47.791666666666664,80.45833333333333
4,100.6774193548387,42.58064516129032,119.03225806451613,21.096774193548388
